{"weibull": {"1": [1.7179916986919448, 4.031707953960613, 1, 1, 2.5668396293810565], "2": [1.3390176707585657, 3.6439256697814404, 1, 1, 2.325768831025844], "3": [1.3355627966173875, 5.937255501006999, 1, 1, 3.9797719052352782], "4": [1.264018961578755, 4.50580541357115, 1, 1, 1.9085065874450133], "5": [1.4872855995631002, 3.8910926044059377, 1, 1, 4.001132592471937], "6": [1.2208411290435237, 10.370520315408605, 1, 1, 4.062752804812368], "7": [1.3267018932379953, 8.220518092197606, 1, 1, 2.521047038878238], "8": [1.4017096821101134, 5.554321396174663, 1, 1, 2.5208064511618216]}, "mu": [[6.024411274313927, -1.6695305817127228, -0.2871919537042268, -0.34585714072553675, -1.0208695479836316, -0.5830766639281064, -0.0882995808296837, -1.01252561442554], [-1.4296787510812283, 5.618031107187271, -0.6461390792033636, -0.8881444392688572, -0.7897438491284847, -0.7801467273682356, -0.526888468789286, -1.0135599347054958], [-0.771027577369138, -0.8712845876954566, 6.66326529184182, -1.4865156566652433, -0.5383175489236006, -0.8764279153553947, -0.4889984879829781, -1.2164194894467235], [-0.6392443717724114, -0.920109594736866, -0.9850535737022982, 3.218373804835219, -0.2462374074712171, -1.8626559984743896, 1.9001993321294162, -0.23855912923138944], [-1.6303322273185072, -1.3451500024813552, -0.7850049220901185, -0.28240623899024364, 5.615122668250748, -0.9079340416219328, -0.13339752104189045, -1.268610421264463], [-0.9380812994223124, -1.1137909470219352, -0.9724226836418407, -1.033080923613646, -0.8313693653377806, 6.026580721557976, -0.22196777763961717, -1.4254757628919843], [-1.2180522731069323, -1.6033608518289717, -0.4551325842828842, 1.1387329459790323, -0.39718627523672717, -0.6368433080460136, 3.0502709931648626, 0.4742964482918549], [-1.7023150630113557, -1.2266021722215947, -0.09474637285934959, -0.7231247151437088, -0.9898502867275139, -0.5602609370115812, 1.0514093928220796, 3.905505256924203]]}