{"weibull": {"1": [1.2639492487570687, 7.707003966664348, 1, 1, 6.253675669168479], "2": [1.585813294122149, 3.9844511817040833, 1, 1, 1.7851626333192303], "3": [1.4470670778284744, 5.139449647254218, 1, 1, 1.1056988806776533], "4": [1.7872029391610762, 2.2274361934756906, 1, 1, 1.440465672157825]}, "mu": [[6.306570003287454, -0.881142170415401, -2.542692351260444, -2.3368639586347806], [-0.2012356068340263, 1.6971001848578453, 0.0992266261684043, -0.8262306414211966], [-2.013126948257772, 0.814696238353485, 1.4014070651880126, 0.6087197078755353], [-3.0117447548130953, 1.0761930364193302, 0.4841392217480605, 2.422999676501397]]}