{"1": [1.4940778757633224, 4.487603167212563, 1, 1, 5216.368129191098], "2": [1.3272838907479134, 17.020853175659433, 1, 1, 5250.419273389027], "3": [1.5109570408131576, 6.881341117762605, 1, 1, 5246.8471847855135], "4": [1.2131145610781018, 7.575478142678249, 1, 1, 628.9491407719397], "5": [1.5109570408131576, 6.881341117762605, 1, 1, 4762.702430805267], "6": [1.2666128636258835, 9.758689771414865, 1, 1, 5147.882609985792], "7": [1.1172437530294195, 10.901555597376062, 1, 1, 773.5971321985126], "8": [1.4256533380114043, 3.054448352763404, 1, 1, 347.9335423462391]}